{
  "Component.js.map": 1731320510297,
  "manifest.json": 1731320510146,
  "ext/manageEngagement/ManageEngagement.js": 1731320193871,
  "Component.js": 1731320193871,
  "ext/manageEngagement/ManageEngagement-dbg.js": 1731320193871,
  "ext/manageEngagement/ManageEngagement.js.map": 1731320510307,
  "Component-dbg.js": 1731320193871,
  "i18n/i18n.properties": 1731320193871,
  "Component-preload.js": 1731320510370,
  "Component-preload.js.map": 1731320510370,
  "annotations/annotation.xml": 1731320193871,
  "ext/.DS_Store": 1731320193871,
  "index.html": 1731320193871,
  ".DS_Store": 1731320193871
}