<edmx:Edmx xmlns:edmx="http://docs.oasis-open.org/odata/ns/edmx" Version="4.0">
    <edmx:Reference Uri="https://sap.github.io/odata-vocabularies/vocabularies/Common.xml">
        <edmx:Include Namespace="com.sap.vocabularies.Common.v1" Alias="Common"/>
    </edmx:Reference>
    <edmx:Reference Uri="https://sap.github.io/odata-vocabularies/vocabularies/UI.xml">
        <edmx:Include Namespace="com.sap.vocabularies.UI.v1" Alias="UI"/>
    </edmx:Reference>
    <edmx:Reference Uri="/odata/v4/catalog/$metadata">
        <edmx:Include Namespace="CatalogService"/>
    </edmx:Reference>
    <edmx:DataServices>
        <Schema xmlns="http://docs.oasis-open.org/odata/ns/edm" Namespace="local">
            <Annotations Target="CatalogService.Engagements">
                <Annotation Term="UI.FieldGroup" Qualifier="GeneratedGroup">
                    <Record Type="UI.FieldGroupType">
                        <PropertyValue Property="Data">
                            <Collection>
                                <Record Type="UI.DataField">
                                    <PropertyValue Property="Value" Path="ea/name"/>
                                    <PropertyValue Property="Label" String="EA"/>
                                </Record>
                                <Record Type="UI.DataField">
                                    <PropertyValue Property="Label" String="Customer"/>
                                    <PropertyValue Property="Value" Path="CustomerName"/>
                                </Record>
                                <Record Type="UI.DataField">
                                    <PropertyValue Property="Label" String="CRM ID"/>
                                    <PropertyValue Property="Value" Path="CRMId"/>
                                </Record>
                                <Record Type="UI.DataField">
                                    <PropertyValue Property="Label" String="Active Engagement"/>
                                    <PropertyValue Property="Value" Path="isActive"/>
                                </Record>
                                <Record Type="UI.DataField">
                                    <PropertyValue Property="Label" String="Shadowing"/>
                                    <PropertyValue Property="Value" Path="isLead"/>
                                </Record>
                                <Record Type="UI.DataField">
                                    <PropertyValue Property="Label" String="Shadowing EA"/>
                                    <PropertyValue Property="Value" Path="leadEA"/>
                                </Record>
                                <Record Type="UI.DataField">
                                    <PropertyValue Property="Label" String="Comment"/>
                                    <PropertyValue Property="Value" Path="comment"/>
                                </Record>
                            </Collection>
                        </PropertyValue>
                    </Record>
                </Annotation>
                <Annotation Term="UI.Facets">
                    <Collection>
                        <Record Type="UI.ReferenceFacet">
                            <PropertyValue Property="ID" String="GeneratedFacet1"/>
                            <PropertyValue Property="Label" String="General Information"/>
                            <PropertyValue Property="Target" AnnotationPath="@UI.FieldGroup#GeneratedGroup"/>
                        </Record>
                    </Collection>
                </Annotation>
                <Annotation Term="UI.LineItem">
                    <Collection>
                        <Record Type="UI.DataField">
                            <PropertyValue Property="Value" Path="ea/name"/>
                            <PropertyValue Property="Label" String="EA"/>
                        </Record>
                        <Record Type="UI.DataField">
                            <PropertyValue Property="Label" String="Customer"/>
                            <PropertyValue Property="Value" Path="CustomerName"/>
                        </Record>
                        <Record Type="UI.DataField">
                            <PropertyValue Property="Label" String="CRM ID"/>
                            <PropertyValue Property="Value" Path="CRMId"/>
                        </Record>
                        <Record Type="UI.DataField">
                            <PropertyValue Property="Label" String="Active"/>
                            <PropertyValue Property="Value" Path="isActive"/>
                        </Record>
                        <Record Type="UI.DataField">
                            <PropertyValue Property="Label" String="Shadowing"/>
                            <PropertyValue Property="Value" Path="isLead"/>
                        </Record>
                        <Record Type="UI.DataField">
                            <PropertyValue Property="Label" String="Shadow EA"/>
                            <PropertyValue Property="Value" Path="leadEA"/>
                        </Record>
                        <Record Type="UI.DataField">
                            <PropertyValue Property="Value" Path="comment"/>
                            <PropertyValue Property="Label" String="Comment"/>
                        </Record>
                    </Collection>
                </Annotation>
                <Annotation Term="UI.SelectionPresentationVariant" Qualifier="table">
                    <Record Type="UI.SelectionPresentationVariantType">
                        <PropertyValue Property="PresentationVariant">
                            <Record Type="UI.PresentationVariantType">
                                <PropertyValue Property="Visualizations">
                                    <Collection>
                                        <AnnotationPath>@UI.LineItem</AnnotationPath>
                                    </Collection>
                                </PropertyValue>
                                <PropertyValue Property="SortOrder">
                                    <Collection>
                                        <Record Type="Common.SortOrderType">
                                            <PropertyValue Property="Property" PropertyPath="CustomerName"/>
                                            <PropertyValue Property="Descending" Bool="false"/>
                                        </Record>
                                    </Collection>
                                </PropertyValue>
                            </Record>
                        </PropertyValue>
                        <PropertyValue Property="SelectionVariant">
                            <Record Type="UI.SelectionVariantType">
                                <PropertyValue Property="SelectOptions">
                                    <Collection/>
                                </PropertyValue>
                            </Record>
                        </PropertyValue>
                    </Record>
                </Annotation>
                <Annotation Term="UI.HeaderInfo">
                    <Record>
                        <PropertyValue Property="Title">
                            <Record Type="UI.DataField">
                                <PropertyValue Property="Value" Path="ea/name"/>
                            </Record>
                        </PropertyValue>
                        <PropertyValue Property="TypeName" String=""/>
                        <PropertyValue Property="TypeNamePlural" String=""/>
                    </Record>
                </Annotation>
            </Annotations>
        </Schema>
    </edmx:DataServices>
</edmx:Edmx>